{
  "RoBERTa (fine-tuned)": {
    "accuracy": 0.8466666666666667,
    "macro_f1": 0.8372771540902848,
    "per_class_f1": {
      "SUPPORT": 0.8467741935483871,
      "CONTRADICT": 0.784,
      "NEI": 0.8810572687224669
    }
  }
}